code,drink,rice,spice,conv,fruit,other,nonfood,veget,meat,fish,tea,count,date
KH-0000000001,25220,0,85360,53350,0,0,0,0,0,282096,0,100000,2020-6
KH-0000000002,0,0,0,0,276000,0,0,0,0,0,0,100000,2020-6
KH-0000000003,0,0,0,97000,173000,0,32000,66289,0,0,0,200000,2020-6
KH-0000000004,0,21340,0,204670,662712,0,0,53282,173436,0,0,400000,2020-6
KH-0000000005,26000,0,0,0,284032,0,0,0,0,0,0,100000,2020-6
KH-0000000006,0,0,0,0,69230,0,32000,48000,0,192000,220000,100000,2020-6
KH-0000000007,0,1076700,0,161990,0,0,126585,0,0,0,61110,500000,2020-6
KH-0000000008,1234810,365690,221160,87300,172403,0,97000,253357,0,96903,0,1100000,2020-6
KH-0000000009,0,120000,0,51000,0,0,0,10688,248962,0,0,500000,2020-6
KH-0000000010,0,160000,65000,130000,260031,0,52000,16491,0,0,80000,300000,2020-6
KH-0000000011,0,0,0,206955,0,0,0,17072,0,0,33950,200000,2020-6
KH-0000000012,230860,0,0,57715,350806,0,194000,17717,56260,0,128040,600000,2020-6
KH-0000000013,92480,52380,208550,123339,389261,0,269660,54999,124677,337279,33950,500000,2020-6
KH-0000000014,0,0,0,0,144825,0,0,9620,0,0,0,100000,2020-6
KH-0000000015,0,0,0,315240,88573,0,0,11802,159002,97776,0,400000,2020-6
KH-0000000016,25000,16000,83000,30000,154875,0,32000,67524,518692,172000,70000,400000,2020-6
KH-0000000017,0,0,0,117613,298566,0,0,30512,392373,159652,0,400000,2020-6
KH-0000000018,0,0,0,0,108750,0,0,0,0,0,35000,100000,2020-6
KH-0000000019,30000,0,0,153901,290857,0,0,0,0,100000,0,200000,2020-6
KH-0000000020,0,74690,0,385449,634778,0,19400,167327,491000,636990,0,700000,2020-6
KH-0000000021,0,0,0,187598,575708,0,31040,197016,267565,182554,0,200000,2020-6
KH-0000000022,0,0,0,148807,0,0,9700,0,2211993,0,0,800000,2020-6
KH-0000000023,0,0,0,0,662042,0,0,13408,0,106820,0,200000,2020-6
KH-0000000024,0,0,0,470256,157485,0,0,0,0,0,0,200000,2020-6
KH-0000000025,90000,0,0,63000,0,0,0,14000,0,251680,0,200000,2020-6
KH-0000000026,0,0,0,0,1137188,0,67900,0,0,236835,0,200000,2020-6
KH-0000000027,0,0,330000,0,0,0,0,0,0,0,0,100000,2020-6
KH-0000000028,0,0,0,130000,69382,0,0,20000,0,0,0,200000,2020-6
KH-0000000029,0,0,0,0,182160,0,0,0,0,0,0,100000,2020-6
KH-0000000030,0,553870,223100,108640,94775,0,50440,189179,404296,980860,0,1300000,2020-6
KH-0000000031,50000,0,0,120000,0,0,65000,50705,0,131400,0,100000,2020-6
KH-0000000032,0,52000,0,68050,0,0,0,82824,0,0,50000,400000,2020-6
KH-0000000033,338530,126100,52380,405596,786033,0,0,308654,659944,134442,0,1900000,2020-6
KH-0000000034,55290,0,0,58200,2258670,0,9700,0,1198547,0,0,900000,2020-6
KH-0000000035,0,0,146000,138578,0,0,0,0,0,0,32000,100000,2020-6
KH-0000000036,0,0,0,0,302866,0,0,0,234150,179800,0,100000,2020-6
KH-0000000037,0,0,0,0,0,0,0,22820,232260,309000,0,200000,2020-6
KH-0000000038,0,0,0,83440,0,0,0,0,0,0,120000,100000,2020-6
KH-0000000039,0,0,0,0,383690,0,0,0,0,0,0,100000,2020-6
KH-0000000040,87300,209520,2444,212296,530786,0,50440,280662,245617,156480,54320,900000,2020-6
KH-0000000041,100000,0,0,0,0,0,0,12190,0,92340,0,200000,2020-6
KH-0000000042,74000,0,0,0,0,0,0,0,0,0,0,100000,2020-6
KH-0000000043,125000,0,0,0,69000,0,0,0,0,104800,48000,100000,2020-6
KH-0000000044,0,0,0,120000,0,0,30000,307913,1186485,100000,0,200000,2020-6
KH-0000000045,0,29100,106700,140981,740540,0,0,256702,1655107,0,37830,800000,2020-6
KH-0000000046,0,919800,0,191096,175182,55000,0,135200,452056,904195,0,500000,2020-6
KH-0000000047,0,266000,27000,0,0,0,139000,0,0,52000,0,100000,2020-6
KH-0000000048,0,0,0,0,80908,0,9700,35827,204864,0,0,200000,2020-6
KH-0000000049,0,816740,0,556113,74714,80753,100880,222801,91878,194000,0,1300000,2020-6
KH-0000000050,0,0,0,0,23225,0,0,24541,0,30000,50000,100000,2020-6
KH-0000000051,0,0,0,55000,0,0,0,24288,94240,0,0,100000,2020-6
KH-0000000052,0,413220,179450,496733,854146,0,147440,437196,821722,575656,0,600000,2020-6
KH-0000000053,22000,145000,0,0,472485,0,0,0,0,0,30000,300000,2020-6
KH-0000000054,0,40000,135000,0,0,0,500000,0,0,183540,0,100000,2020-6
KH-0000000055,0,0,0,0,417060,0,156000,0,85000,0,140000,100000,2020-6
KH-0000000056,0,0,0,0,154546,0,0,0,0,0,0,100000,2020-6
KH-0000000057,0,15000,0,26155,0,0,0,0,0,0,0,200000,2020-6
KH-0000000058,0,0,0,0,365030,0,0,11824,0,0,48500,100000,2020-6
KH-0000000059,0,0,0,0,111365,0,12000,59409,0,0,0,200000,2020-6
KH-0000000060,0,15520,0,56454,0,0,0,0,0,0,0,100000,2020-6
KH-0000000061,280000,0,0,0,0,0,0,0,0,0,0,100000,2020-6
KH-0000000062,0,0,0,8730,0,0,0,46507,0,317102,0,100000,2020-6
KH-0000000063,29100,242500,267720,189635,0,0,315250,0,584231,132114,31040,200000,2020-6
KH-0000000064,0,0,0,0,1359945,0,0,103550,169000,0,70000,200000,2020-6
KH-0000000065,0,0,0,0,0,0,0,40500,268170,0,0,100000,2020-6
KH-0000000066,0,0,0,563300,0,0,20000,94328,238590,453235,0,300000,2020-6
KH-0000000067,0,0,0,25000,0,0,0,0,0,0,0,100000,2020-6
KH-0000000068,170000,66000,0,47058,86100,0,32000,20000,0,0,0,400000,2020-6
KH-0000000069,0,215000,0,109610,0,0,0,0,0,0,0,200000,2020-6
KH-0000000070,33000,45000,32000,0,0,0,0,0,0,0,0,100000,2020-6
KH-0000000071,0,235000,0,54347,0,0,0,0,0,0,0,100000,2020-6
KH-0000000072,33000,0,0,0,140000,0,0,40454,509422,216530,13000,400000,2020-6
KH-0000000073,71780,10670,24250,276820,282556,0,0,37825,195232,188044,0,300000,2020-6
KH-0000000074,0,0,0,113000,0,0,50000,0,198350,0,0,200000,2020-6
KH-0000000075,26000,0,79000,215000,70560,0,145000,0,0,0,35000,200000,2020-6
KH-0000000076,0,0,4190,225622,957528,0,0,0,0,585841,0,300000,2020-6
KH-0000000077,0,0,0,0,810555,0,0,0,0,0,0,300000,2020-6
KH-0000000078,275000,0,0,106689,497775,215000,241000,68790,0,0,0,400000,2020-6
KH-0000000079,0,0,0,0,0,0,52000,78015,0,0,0,100000,2020-6
KH-0000000080,0,0,0,130950,1004846,0,0,0,0,245157,33950,400000,2020-6
KH-0000000081,171690,723135,4074,77600,734887,0,436500,175409,0,0,50440,800000,2020-6
KH-0000000082,42680,42680,0,211460,346586,0,60140,150845,0,0,0,200000,2020-6
KH-0000000083,0,0,25000,0,0,0,31000,4830,0,52000,0,100000,2020-6
KH-0000000084,62000,243000,85000,0,0,0,0,57074,44835,0,35000,200000,2020-6
KH-0000000085,0,0,0,0,421350,0,0,0,0,0,0,100000,2020-6
KH-0000000086,0,62000,0,90000,0,0,0,12282,0,0,0,100000,2020-6
KH-0000000087,15000,0,0,104000,0,0,0,0,73500,422745,0,100000,2020-6
KH-0000000088,0,233770,184300,299769,36860,0,126585,55894,263549,267177,0,300000,2020-6
KH-0000000089,0,0,0,114945,0,0,0,20500,0,0,0,100000,2020-6
KH-0000000090,0,0,0,0,984057,0,0,0,0,0,65000,100000,2020-6
KH-0000000091,0,0,58000,29624,0,0,0,52348,0,0,0,100000,2020-6
KH-0000000092,0,0,0,95332,358529,90453,50440,195661,64971,0,0,700000,2020-6
KH-0000000093,0,0,0,116400,145476,0,0,39518,336105,0,0,200000,2020-6
KH-0000000094,0,0,0,0,0,0,0,36598,0,0,0,100000,2020-6
KH-0000000095,0,0,210000,0,0,0,0,0,0,0,50000,100000,2020-6
KH-0000000096,0,0,0,42000,0,0,0,24338,0,0,0,300000,2020-6
KH-0000000097,0,35000,105000,90000,52455,0,24000,0,0,0,35000,200000,2020-6
KH-0000000098,0,0,0,0,70000,0,0,225782,41440,371920,0,200000,2020-6
KH-0000000099,0,0,0,235710,0,0,150350,23105,330163,0,105730,200000,2020-6
KH-0000000100,0,0,70000,0,46322,0,0,0,63600,85020,0,100000,2020-6
KH-0000000101,0,0,0,15000,169975,0,0,133986,826434,291030,48000,600000,2020-6
KH-0000000102,0,0,0,0,426668,0,0,0,0,0,0,100000,2020-6
KH-0000000103,30000,250000,0,0,0,0,0,0,0,0,112000,200000,2020-6
KH-0000000104,0,0,0,0,0,0,0,8012,0,494700,46560,200000,2020-6
KH-0000000105,0,0,126000,0,50904,0,0,61441,172912,0,0,400000,2020-6
KH-0000000106,0,517010,0,167810,685131,0,0,236220,745410,211305,0,500000,2020-6
KH-0000000107,0,0,0,70000,134385,0,0,0,0,0,0,100000,2020-6
KH-0000000108,0,0,0,0,116313,0,0,0,0,0,0,100000,2020-6
KH-0000000109,0,0,0,33600,0,0,0,0,0,93000,0,100000,2020-6
KH-0000000110,30000,0,45000,150600,385940,0,0,53323,379500,414910,0,200000,2020-6
KH-0000000111,0,0,0,51000,0,0,0,15390,100000,97010,0,200000,2020-6
KH-0000000112,74000,0,79000,0,432018,0,0,49664,46136,0,158800,300000,2020-6
KH-0000000113,0,0,0,0,186660,0,0,0,0,0,0,100000,2020-6
KH-0000000114,30000,0,98000,12000,43500,0,0,13888,101400,0,0,100000,2020-6
KH-0000000115,0,0,0,0,0,0,20000,0,0,289940,0,100000,2020-6
KH-0000000116,0,0,0,0,358385,0,0,42120,0,0,0,300000,2020-6
KH-0000000117,0,0,0,124600,0,0,0,75176,0,0,0,300000,2020-6
KH-0000000118,30000,0,0,36900,79548,0,0,21042,0,0,100000,300000,2020-6
KH-0000000119,0,0,0,0,308518,0,0,42462,0,0,0,200000,2020-6
KH-0000000120,0,0,110000,0,189310,0,0,14820,0,564960,0,200000,2020-6
KH-0000000121,0,0,0,0,455295,0,0,12052,0,0,200000,300000,2020-6
KH-0000000122,138710,0,0,0,1329346,0,0,59306,512257,165996,0,500000,2020-6
KH-0000000123,0,34000,0,0,175800,0,0,0,0,0,0,100000,2020-6
KH-0000000124,10670,0,61110,422587,0,0,97485,43930,255556,0,191090,200000,2020-6
KH-0000000125,0,229890,17460,60259,904521,0,29100,36880,291000,595095,0,500000,2020-6
KH-0000000126,0,16150,56050,117019,1513392,104025,0,283156,1658229,2407989,30400,1200000,2020-6
KH-0000000127,0,0,0,45000,65232,0,0,11690,0,0,0,100000,2020-6
KH-0000000128,0,0,65000,218000,119929,0,0,22625,0,0,0,200000,2020-6
KH-0000000129,0,0,0,0,157386,0,0,0,0,0,0,100000,2020-6
KH-0000000130,0,0,0,95000,967870,0,0,14432,82620,0,0,200000,2020-6
KH-0000000131,30000,0,0,0,431844,0,0,0,0,0,0,200000,2020-6
KH-0000000132,15000,0,98000,290000,503616,119000,62000,146372,144806,218165,26000,600000,2020-6
KH-0000000133,149380,0,0,327185,237673,0,50440,29630,1333959,274025,48500,700000,2020-6
KH-0000000134,29000,0,0,0,208480,0,0,17920,0,0,32000,300000,2020-6
KH-0000000135,0,6000,0,0,0,0,0,42220,0,0,0,100000,2020-6
KH-0000000136,0,0,0,0,62544,0,0,0,0,0,0,100000,2020-6
KH-0000000137,322040,245410,37830,229890,1760242,104760,76145,189145,737084,863330,189150,1100000,2020-6
KH-0000000138,0,185000,70000,35000,49650,0,0,26705,88588,0,0,200000,2020-6
KH-0000000139,0,0,0,91908,71214,0,20000,68793,0,0,97000,600000,2020-6
KH-0000000140,0,25000,0,190950,516950,0,0,0,0,0,0,100000,2020-6
KH-0000000141,0,0,78000,0,0,0,0,0,0,0,0,100000,2020-6
KH-0000000142,0,0,38800,349200,0,0,428255,154624,959766,889626,0,600000,2020-6
KH-0000000143,0,0,0,187210,0,0,0,54928,144844,214060,0,300000,2020-6
KH-0000000144,0,0,0,0,0,0,0,43016,0,0,0,100000,2020-6
KH-0000000145,0,0,35000,0,0,0,0,15200,140180,0,0,100000,2020-6
KH-0000000146,0,0,0,0,0,0,179500,0,130880,102080,0,200000,2020-6
KH-0000000147,0,25000,0,0,0,0,0,0,0,0,0,100000,2020-6
KH-0000000148,0,44000,0,647218,70035,0,145000,11232,0,0,0,400000,2020-6
KH-0000000149,0,0,0,0,77460,0,0,11960,0,0,0,100000,2020-6
KH-0000000150,0,0,0,75000,1043831,0,589000,26880,380460,0,0,100000,2020-6
KH-0000000151,0,0,0,157899,0,0,0,0,0,0,0,200000,2020-6
KH-0000000152,0,0,0,0,0,0,130000,0,0,0,0,100000,2020-6
KH-0000000153,0,40000,0,52000,259862,0,0,19936,0,0,26000,400000,2020-6
KH-0000000154,76630,409340,115430,389686,1209604,0,188180,552351,1783909,77600,183330,900000,2020-6
KH-0000000155,0,0,0,0,0,0,342000,31303,0,0,0,200000,2020-6
KH-0000000156,0,0,0,77094,0,0,0,0,0,0,0,100000,2020-6
KH-0000000157,0,16000,162000,58000,150666,0,48000,69093,228469,192000,28000,200000,2020-6
KH-0000000158,0,0,0,0,0,0,200000,0,0,0,0,100000,2020-6
KH-0000000159,276000,32000,0,0,0,0,0,69522,0,105730,48000,200000,2020-6
KH-0000000160,0,0,0,75000,0,0,0,39072,0,308695,0,300000,2020-6
KH-0000000161,0,0,0,0,0,0,0,0,0,158920,0,100000,2020-6
KH-0000000162,0,388000,321477,408370,1037443,0,244440,492648,2543419,1474603,25220,1300000,2020-6
KH-0000000163,101850,199820,89240,510645,234491,0,104275,102187,370812,0,148410,900000,2020-6
KH-0000000164,0,0,0,64620,0,0,0,0,0,0,0,100000,2020-6
KH-0000000165,0,0,0,0,144440,102500,0,15072,0,0,0,100000,2020-6
KH-0000000166,32010,0,57230,396730,33125,0,62080,14863,359915,0,63050,600000,2020-6
KH-0000000167,92000,0,0,519919,0,0,0,0,0,0,468000,300000,2020-6
KH-0000000168,30000,105000,0,47000,0,0,0,26819,273350,0,0,300000,2020-6
KH-0000000169,0,0,0,0,3739520,0,0,0,0,0,0,100000,2020-6
KH-0000000170,0,0,0,0,0,0,0,17465,0,0,35000,100000,2020-6
KH-0000000171,0,0,0,18975,0,0,0,28608,0,0,0,100000,2020-6
KH-0000000172,0,422920,0,291000,107786,0,98200,930799,357567,0,0,900000,2020-6
KH-0000000173,0,0,57000,561497,0,0,0,57028,36000,226800,0,500000,2020-6
KH-0000000174,0,0,0,0,360935,0,0,40900,0,0,0,100000,2020-6
KH-0000000175,0,0,0,0,138896,0,0,0,0,0,0,200000,2020-6
KH-0000000176,0,0,0,14718,0,0,0,66180,0,0,0,100000,2020-6
KH-0000000177,0,0,0,80000,0,0,0,0,0,0,0,100000,2020-6
KH-0000000178,52000,50000,108000,12000,330375,0,0,18538,66240,0,198000,300000,2020-6
KH-0000000179,30000,16000,0,58000,100200,0,0,103654,210224,214400,0,300000,2020-6
KH-0000000180,0,0,0,0,47400,0,0,0,0,0,26000,100000,2020-6
KH-0000000181,0,0,0,0,216855,0,0,0,0,0,0,200000,2020-6
KH-0000000182,0,0,0,0,85260,0,0,0,0,0,0,100000,2020-6
KH-0000000183,42680,0,0,154618,474471,0,0,63535,0,0,50440,300000,2020-6
KH-0000000184,0,0,14000,28313,108632,0,117000,147102,0,0,0,200000,2020-6
KH-0000000185,0,0,0,0,0,0,0,143199,76212,347310,0,200000,2020-6
KH-0000000186,0,300700,0,0,0,0,0,115850,502403,0,0,600000,2020-6
KH-0000000187,481000,0,0,145000,124880,162500,0,17280,0,0,0,300000,2020-6
KH-0000000188,0,0,0,0,1140315,0,0,0,0,0,0,100000,2020-6
KH-0000000189,0,0,0,0,0,0,0,0,0,152600,0,100000,2020-6
KH-0000000190,0,0,0,45000,156000,0,0,47877,189428,134640,35000,200000,2020-6
KH-0000000191,0,0,47530,361068,589127,0,0,148018,583160,544742,0,800000,2020-6
KH-0000000192,0,35000,0,139960,0,0,0,3780,0,145960,26000,300000,2020-6
KH-0000000193,0,0,0,25000,1162945,0,0,0,0,0,0,500000,2020-6
KH-0000000194,0,0,0,0,44505,0,0,49790,0,109000,0,100000,2020-6
KH-0000000195,262000,0,0,0,70080,0,0,0,87720,0,0,100000,2020-6
KH-0000000196,0,0,0,0,16500,0,48000,0,0,202860,0,100000,2020-6
KH-0000000197,0,0,0,0,349989,0,18085,126415,0,0,0,200000,2020-6
KH-0000000198,0,0,0,89566,1141385,0,0,0,0,0,33500,200000,2020-6
KH-0000000199,0,0,169000,0,0,0,49000,61972,103700,0,0,200000,2020-6
KH-0000000200,0,0,0,0,513205,0,0,0,0,0,0,100000,2020-6
KH-0000000201,0,0,0,0,0,0,0,44345,165966,116560,0,100000,2020-6
KH-0000000202,0,76000,0,0,0,0,0,12029,78000,0,0,100000,2020-6
KH-0000000203,0,50440,205077,363760,186823,0,359870,316823,1493616,0,0,700000,2020-6
KH-0000000204,250000,0,0,0,0,0,556000,37296,0,0,0,100000,2020-6
KH-0000000205,0,0,35000,154000,448419,0,0,47772,0,410060,0,600000,2020-6
KH-0000000206,0,50000,0,55316,0,0,0,58800,54432,0,0,200000,2020-6
KH-0000000207,0,25000,25000,168286,0,0,52000,71096,0,0,0,200000,2020-6
KH-0000000208,97970,0,0,102481,943635,0,0,27539,0,0,0,200000,2020-6
KH-0000000209,0,139680,230860,0,0,0,0,25718,1611890,0,0,800000,2020-6
KH-0000000210,0,0,0,0,0,0,0,0,0,413126,0,100000,2020-6
KH-0000000211,0,0,0,48000,0,0,0,0,0,0,0,100000,2020-6
KH-0000000212,0,0,0,38000,0,0,0,19320,77700,128340,0,300000,2020-6
KH-0000000213,13000,0,0,105000,688674,0,0,0,0,0,0,200000,2020-6
KH-0000000214,0,78000,222000,0,0,0,0,100662,205076,0,0,200000,2020-6
KH-0000000215,0,1054500,0,128250,679236,0,0,0,340890,228608,0,300000,2020-6
KH-0000000216,0,0,0,100000,0,0,0,0,0,0,0,100000,2020-6
KH-0000000217,0,172175,26190,0,530309,0,0,168388,0,225889,0,300000,2020-6
KH-0000000218,480150,0,33950,303920,423999,0,0,92150,0,0,15520,200000,2020-6
KH-0000000219,0,41000,0,0,196000,0,139000,0,247170,0,0,100000,2020-6
KH-0000000220,21340,59170,0,311641,1095210,0,0,69300,0,0,0,1000000,2020-6
KH-0000000221,103790,102820,533500,287266,955088,0,9700,178867,0,147925,161990,600000,2020-6
KH-0000000222,0,0,0,0,51792,0,0,6710,0,0,81000,100000,2020-6
KH-0000000223,0,0,48000,0,180880,0,52000,6985,0,0,0,100000,2020-6
KH-0000000224,0,0,0,0,42602,0,0,52146,437966,190314,0,100000,2020-6
KH-0000000225,0,0,21000,0,308380,0,0,8130,0,0,0,100000,2020-6
KH-0000000226,90000,85000,61000,214100,33096,55000,0,31720,200440,0,274000,800000,2020-6
KH-0000000227,0,0,0,151760,853920,0,0,0,0,0,0,200000,2020-6
KH-0000000228,0,16000,0,0,0,0,0,0,0,0,0,100000,2020-6
KH-0000000229,0,0,0,0,694423,0,0,0,0,0,0,100000,2020-6
KH-0000000230,0,0,0,0,0,0,0,32515,107730,119900,0,100000,2020-6
KH-0000000231,0,105000,0,0,0,0,52000,21767,226800,0,0,100000,2020-6
KH-0000000232,0,19000,0,0,0,0,30000,0,0,0,0,100000,2020-6
KH-0000000233,0,0,0,0,89850,0,0,0,0,0,0,100000,2020-6
KH-0000000234,0,0,0,115000,0,0,0,0,0,0,0,200000,2020-6
KH-0000000235,0,184300,0,105730,356373,0,194000,18430,0,0,15520,300000,2020-6
KH-0000000236,0,0,0,95120,35450,0,0,0,39690,120000,0,100000,2020-6
KH-0000000237,0,0,0,339640,0,91500,31000,40386,340763,177000,0,600000,2020-6
KH-0000000238,0,250000,0,0,0,0,10000,0,0,0,0,100000,2020-6
KH-0000000239,0,15520,100880,31040,0,0,9700,162345,0,938291,0,300000,2020-6
KH-0000000240,0,0,79000,0,140505,0,0,0,0,0,32000,100000,2020-6
KH-0000000241,0,0,0,0,553713,0,0,0,0,0,76000,200000,2020-6
KH-0000000242,0,0,0,30180,0,0,0,0,127362,215940,65000,400000,2020-6
KH-0000000243,0,0,0,0,0,0,0,0,352283,0,0,100000,2020-6
KH-0000000244,267300,1125000,71100,360450,542493,0,0,28215,1476286,243158,0,1100000,2020-6
KH-0000000245,0,0,0,57000,0,0,0,0,0,218960,0,100000,2020-6
KH-0000000246,0,125130,0,196178,0,0,0,154735,688506,197682,0,200000,2020-6
KH-0000000247,0,75000,0,55000,0,0,0,0,0,0,0,100000,2020-6
KH-0000000248,0,0,0,145000,0,0,0,0,0,0,0,100000,2020-6
KH-0000000249,0,0,70000,0,60435,0,0,44210,86400,344200,0,100000,2020-6
KH-0000000250,0,360000,0,0,0,0,0,0,0,0,0,100000,2020-6
KH-0000000251,0,0,0,0,0,0,0,31780,0,0,0,100000,2020-6
KH-0000000252,0,0,27000,0,0,0,0,0,0,139520,0,100000,2020-6
KH-0000000253,15000,0,0,32400,0,36500,0,11937,0,0,0,200000,2020-6
KH-0000000254,29100,0,0,0,80136,0,0,0,171748,904933,33950,200000,2020-6
KH-0000000255,33000,42000,0,125178,69655,0,85000,48535,623397,0,0,700000,2020-6
KH-0000000256,0,0,0,0,350760,0,0,0,123900,0,0,100000,2020-6
KH-0000000257,0,0,0,640106,0,0,0,0,135004,97740,0,100000,2020-6
KH-0000000258,0,0,0,0,0,0,43500,0,0,0,100000,100000,2020-6
KH-0000000259,0,0,0,0,906810,78500,0,10000,220544,729440,16000,500000,2020-6
KH-0000000260,0,179450,0,71780,350789,0,45590,25969,0,0,0,300000,2020-6
KH-0000000261,318000,125000,0,104000,1129351,0,0,35412,0,337190,82000,400000,2020-6
KH-0000000262,0,0,0,0,38000,0,0,32165,0,0,0,100000,2020-6
KH-0000000263,0,0,30000,0,2502297,0,0,0,0,0,0,300000,2020-6
KH-0000000264,0,0,0,0,36860,0,428255,0,78842,663480,0,100000,2020-6
KH-0000000265,0,0,0,0,202650,0,0,0,0,0,0,100000,2020-6
KH-0000000266,0,0,0,0,0,0,0,12374,302214,308650,0,200000,2020-6
KH-0000000267,0,0,0,0,289750,0,0,0,0,0,0,100000,2020-6
KH-0000000268,0,43000,0,0,584184,0,208000,259978,0,0,0,100000,2020-6
KH-0000000269,0,0,78000,45000,60150,0,486776,0,0,0,64000,200000,2020-6
KH-0000000270,0,0,0,195000,429187,0,0,43914,124315,0,0,500000,2020-6
KH-0000000271,0,0,0,266750,184591,0,0,9079,244440,111744,0,100000,2020-6
KH-0000000272,0,0,0,132160,0,0,0,0,0,0,0,100000,2020-6
KH-0000000273,0,0,0,36000,0,0,0,0,0,0,0,100000,2020-6
KH-0000000274,0,0,0,0,96495,0,49000,154720,0,0,0,200000,2020-6
KH-0000000275,44000,0,0,0,150860,0,20000,0,0,0,0,100000,2020-6
KH-0000000276,0,339500,555810,141358,0,0,0,6693,0,0,116400,400000,2020-6
KH-0000000277,110000,0,38000,257508,416998,189250,30000,12328,0,0,0,300000,2020-6
KH-0000000278,0,83000,0,0,0,0,0,0,0,335000,250000,200000,2020-6
KH-0000000279,62080,0,0,313310,2935893,0,0,45934,637100,458412,0,700000,2020-6
KH-0000000280,0,0,198850,543200,749611,0,140650,230244,0,202769,263840,500000,2020-6
KH-0000000281,0,0,0,100000,80515,0,0,0,62780,0,0,200000,2020-6
KH-0000000282,261900,29100,184300,420010,140480,0,0,41046,666526,457840,0,300000,2020-6
KH-0000000283,0,0,0,0,97900,0,0,0,0,0,0,100000,2020-6
KH-0000000284,0,0,0,0,0,0,0,0,0,0,48000,100000,2020-6
KH-0000000285,18000,0,0,0,0,0,0,30525,0,0,0,100000,2020-6
KH-0000000286,0,0,0,0,0,0,0,74483,0,967537,67900,300000,2020-6
KH-0000000287,0,70000,0,0,0,0,0,18168,0,0,0,100000,2020-6
KH-0000000288,0,0,0,0,0,0,0,108988,58800,301940,0,300000,2020-6
KH-0000000289,0,0,0,40000,25525,0,52000,33216,62244,0,0,200000,2020-6
KH-0000000290,0,0,0,0,231210,0,0,23061,83510,0,0,100000,2020-6
KH-0000000291,0,0,0,0,0,0,0,0,0,0,64000,100000,2020-6
KH-0000000292,0,0,0,265000,132245,62750,48000,91605,76000,0,0,300000,2020-6
KH-0000000293,0,0,0,39514,0,0,0,0,0,0,0,100000,2020-6
KH-0000000294,0,0,0,242280,99840,0,186000,147516,0,0,56000,800000,2020-6
KH-0000000295,0,0,0,0,121095,0,0,45150,0,0,0,200000,2020-6
KH-0000000296,116400,0,0,0,0,0,0,0,0,0,0,100000,2020-6
KH-0000000297,0,0,0,190000,0,0,0,0,0,0,0,100000,2020-6
KH-0000000298,0,0,0,380990,64960,0,0,12792,84966,0,0,300000,2020-6
KH-0000000299,272570,0,177277,0,609333,0,0,192720,878587,659522,0,200000,2020-6
KH-0000000300,0,0,0,0,100200,0,0,0,0,0,0,100000,2020-6
KH-0000000301,0,0,10000,341470,0,0,12000,56237,149860,0,0,800000,2020-6
KH-0000000302,0,0,0,150000,270705,0,0,0,0,0,0,100000,2020-6
KH-0000000303,0,0,0,0,133825,0,0,17882,0,0,0,100000,2020-6
KH-0000000304,0,606250,225040,67900,586505,0,46560,212745,368068,554501,106700,1000000,2020-6
KH-0000000305,0,179450,31040,108968,0,53350,0,88942,411445,952744,33950,300000,2020-6
KH-0000000306,0,0,35000,223505,0,0,0,10290,0,0,0,300000,2020-6
KH-0000000307,0,116400,122220,105327,60295,0,0,32011,97000,1462547,164900,400000,2020-6
KH-0000000308,115000,0,0,0,0,0,0,29440,51408,0,0,100000,2020-6
KH-0000000309,0,0,0,0,0,0,0,0,0,294260,0,200000,2020-6
KH-0000000310,99000,0,20000,159640,283250,0,0,226779,70080,0,70000,800000,2020-6
KH-0000000311,0,0,0,0,573080,0,20000,0,0,0,0,100000,2020-6
KH-0000000312,0,0,0,0,0,85500,0,0,0,0,0,100000,2020-6
KH-0000000313,0,16000,0,0,0,0,0,0,0,0,110000,100000,2020-6
KH-0000000314,0,35000,0,0,0,0,0,43200,0,81750,0,100000,2020-6
KH-0000000315,0,0,0,0,0,0,52000,54149,53874,0,0,200000,2020-6
KH-0000000316,0,0,0,0,320027,0,0,456130,2244778,950426,0,700000,2020-6
KH-0000000317,0,24000,174000,130500,0,0,0,11615,0,46000,0,300000,2020-6
KH-0000000318,0,15520,101358,0,877730,0,0,32448,760827,245960,0,1100000,2020-6
KH-0000000319,0,0,0,0,511850,0,48000,0,92040,0,0,300000,2020-6
KH-0000000320,0,125000,0,240048,0,0,0,15792,0,0,0,500000,2020-6
KH-0000000321,0,0,0,10000,56400,0,0,0,0,0,0,100000,2020-6
KH-0000000322,0,0,0,0,664968,0,0,0,0,0,0,100000,2020-6
KH-0000000323,0,0,98000,29394,81900,0,0,4900,70000,0,0,100000,2020-6
KH-0000000324,324950,160050,0,129010,937010,0,0,14541,184238,0,62080,300000,2020-6
KH-0000000325,0,0,0,42000,86580,0,0,0,181878,0,0,200000,2020-6
KH-0000000326,0,0,0,44482,0,0,0,18165,0,0,0,100000,2020-6
KH-0000000327,0,0,0,0,102960,0,0,0,0,0,0,100000,2020-6
KH-0000000328,0,0,0,117320,0,0,0,46855,129570,52000,0,400000,2020-6
KH-0000000329,0,0,0,0,364605,0,0,0,0,0,0,100000,2020-6
KH-0000000330,0,365690,222188,121250,0,0,80995,486477,1008786,680572,0,1000000,2020-6
KH-0000000331,0,0,0,9000,0,0,0,36468,70200,460760,0,300000,2020-6
KH-0000000332,0,0,0,74600,38850,0,0,8680,0,0,48000,200000,2020-6
KH-0000000333,0,0,0,0,79900,0,0,0,0,0,0,100000,2020-6
KH-0000000334,0,0,0,185000,77250,0,48000,0,106104,349000,35000,200000,2020-6
KH-0000000335,148410,370000,0,329462,64505,0,0,36129,348877,609873,46308,600000,2020-6
KH-0000000336,0,125000,0,0,0,0,0,0,0,0,0,100000,2020-6
KH-0000000337,0,0,0,13000,0,0,0,25409,0,0,0,100000,2020-6
KH-0000000338,0,0,0,128695,0,0,0,33611,199626,0,0,100000,2020-6
KH-0000000339,0,0,0,148294,84310,0,0,65479,59032,0,0,200000,2020-6
KH-0000000340,0,0,0,0,0,0,145000,0,0,83930,0,100000,2020-6
KH-0000000341,0,0,0,35000,0,0,0,0,0,0,0,100000,2020-6
KH-0000000342,0,0,0,0,0,0,0,0,0,154560,0,100000,2020-6
KH-0000000343,0,0,0,109760,27250,0,0,0,0,0,0,100000,2020-6
KH-0000000344,0,0,26000,0,0,0,0,0,0,0,0,100000,2020-6
KH-0000000345,0,170720,0,155200,492746,0,428255,30065,315735,918605,40740,200000,2020-6
KH-0000000346,0,0,0,89774,0,0,39100,42292,1740331,394000,0,800000,2020-6
KH-0000000347,0,0,0,0,0,0,0,35008,0,0,0,100000,2020-6
KH-0000000348,0,0,22000,0,0,0,96000,10000,0,0,39000,100000,2020-6
KH-0000000349,0,39000,0,0,0,0,118000,0,0,0,234000,600000,2020-6
KH-0000000350,0,0,0,0,0,0,0,0,0,0,395000,100000,2020-6
KH-0000000351,0,0,0,0,387220,0,0,0,0,0,0,300000,2020-6
KH-0000000352,0,0,89000,15000,0,0,0,0,0,0,0,100000,2020-6
KH-0000000353,0,0,79000,0,0,0,30000,0,363912,0,0,200000,2020-6
KH-0000000354,0,0,0,66703,1019096,0,29400,130566,1074072,222091,0,900000,2020-6
KH-0000000355,0,0,0,15000,0,0,0,45920,0,0,0,200000,2020-6
KH-0000000356,0,65000,0,95000,40320,63750,0,33147,48510,0,0,300000,2020-6
KH-0000000357,0,0,4656,58200,73972,0,0,75190,236108,219705,50440,300000,2020-6
KH-0000000358,0,66000,0,35000,0,0,0,21710,64000,0,0,100000,2020-6
KH-0000000359,0,0,0,0,257150,0,0,0,0,0,0,100000,2020-6
KH-0000000360,0,179450,0,0,179212,0,0,0,0,216504,0,100000,2020-6
KH-0000000361,0,185000,0,0,0,0,0,11937,199270,0,13000,100000,2020-6
KH-0000000362,0,0,0,0,0,0,0,0,0,140610,0,100000,2020-6
KH-0000000363,0,0,0,240000,86333,0,72000,0,100000,0,0,200000,2020-6
KH-0000000364,128040,57230,32010,533500,624007,0,548050,246122,1137443,658727,0,500000,2020-6
KH-0000000365,0,0,0,12000,46600,0,0,32000,0,0,0,100000,2020-6
KH-0000000366,0,0,0,0,0,0,210000,168621,348568,0,0,300000,2020-6
KH-0000000367,0,0,0,229050,113325,0,0,76514,353880,0,0,600000,2020-6
KH-0000000368,0,0,0,60800,0,0,0,43792,66144,0,0,200000,2020-6
KH-0000000369,0,117370,0,446005,493845,0,0,242666,1002620,991456,0,1000000,2020-6
KH-0000000370,0,0,0,0,29610,0,0,0,0,0,0,100000,2020-6
KH-0000000371,0,0,0,225525,123900,0,85000,0,0,0,0,100000,2020-6
KH-0000000372,0,300000,220000,0,0,0,0,0,0,105894,0,100000,2020-6
KH-0000000373,0,0,0,0,192718,0,0,0,0,0,0,100000,2020-6
KH-0000000374,0,0,0,142050,40800,0,0,57700,64092,0,0,100000,2020-6
KH-0000000375,0,0,0,110000,187228,0,12000,109338,0,0,32000,100000,2020-6
KH-0000000376,0,24000,0,96500,0,0,0,8970,0,0,26000,100000,2020-6
KH-0000000377,252000,0,0,0,0,0,0,0,0,0,0,100000,2020-6
KH-0000000378,0,0,0,124000,0,0,0,0,0,425240,0,200000,2020-6
KH-0000000379,0,177500,0,0,0,0,0,70411,0,0,165000,100000,2020-6
KH-0000000380,0,0,27000,0,91050,0,0,87481,48764,438180,0,400000,2020-6
KH-0000000381,0,0,0,0,0,0,0,64397,80620,0,0,100000,2020-6
KH-0000000382,0,0,0,0,366215,0,0,0,0,0,0,100000,2020-6
KH-0000000383,0,0,0,45696,0,0,0,86070,0,0,0,200000,2020-6
KH-0000000384,0,0,0,74400,139030,0,0,28455,0,100000,0,100000,2020-6
KH-0000000385,108000,0,0,26395,441762,0,0,125344,99450,379780,32000,300000,2020-6
KH-0000000386,0,40520,26190,70152,205532,0,0,169004,645505,0,0,700000,2020-6
KH-0000000387,0,0,0,112000,0,0,0,8224,58212,0,0,200000,2020-6
KH-0000000388,0,45000,0,0,0,0,0,0,0,0,0,100000,2020-6
KH-0000000389,0,0,0,0,460290,0,0,0,0,0,0,100000,2020-6
KH-0000000390,0,0,76000,0,25350,0,0,0,0,0,0,100000,2020-6
KH-0000000391,0,185000,0,0,155469,0,0,18165,0,0,0,200000,2020-6
KH-0000000392,0,0,0,0,173887,0,0,117759,0,0,0,100000,2020-6
KH-0000000393,0,0,0,0,112500,0,0,0,0,0,0,100000,2020-6
KH-0000000394,0,0,0,0,641208,0,0,43344,260610,343120,0,500000,2020-6
KH-0000000395,0,0,0,0,2099900,0,20000,0,0,0,0,300000,2020-6
KH-0000000396,0,0,0,0,395365,0,0,0,0,0,0,200000,2020-6
KH-0000000397,0,0,0,199000,1754186,82750,0,116330,737286,0,78000,300000,2020-6
KH-0000000398,0,198000,0,0,0,0,0,27416,84966,0,0,300000,2020-6
KH-0000000399,0,0,0,17853,90740,81500,0,0,0,0,16000,100000,2020-6
KH-0000000400,0,38000,0,126400,0,0,0,51684,47922,0,0,300000,2020-6
KH-0000000401,0,0,0,218680,0,0,0,0,187960,136400,32000,300000,2020-6
KH-0000000402,239590,53350,13580,436161,281208,0,30070,268985,224208,857810,12610,300000,2020-6
KH-0000000403,155000,35000,176000,123899,107925,0,20000,106703,541914,135000,0,400000,2020-6
KH-0000000404,0,0,0,0,0,0,0,14462,55008,0,0,100000,2020-6
KH-0000000405,0,387000,0,0,0,0,0,0,0,0,15000,100000,2020-6
KH-0000000406,0,0,10000,78300,136560,0,0,66915,0,0,0,100000,2020-6
KH-0000000407,0,0,0,0,163600,0,0,0,0,563450,0,100000,2020-6
KH-0000000408,58200,0,29100,209087,625541,0,0,152266,471596,0,0,700000,2020-6
KH-0000000409,0,0,0,46822,0,0,0,70618,423592,0,0,400000,2020-6
KH-0000000410,0,0,0,0,327480,0,0,0,102731,0,13000,100000,2020-6
KH-0000000411,0,250000,0,105000,140250,0,0,52800,848040,0,0,200000,2020-6
KH-0000000412,80000,0,0,0,0,0,0,0,0,0,0,100000,2020-6
KH-0000000413,0,0,0,169760,0,0,0,0,0,0,0,100000,2020-6
KH-0000000414,0,85000,0,0,103920,0,617000,0,0,0,0,100000,2020-6
KH-0000000415,0,0,0,106000,147254,55000,0,64589,307460,350245,28000,500000,2020-6
KH-0000000416,0,717800,0,0,0,0,0,0,107961,0,0,200000,2020-6
KH-0000000417,0,0,0,0,0,0,0,26064,82560,0,0,100000,2020-6
KH-0000000418,0,0,179000,0,399850,0,0,0,0,0,64000,100000,2020-6
KH-0000000419,104000,0,75000,75360,170330,0,0,0,0,200000,0,300000,2020-6
KH-0000000420,105000,35000,59000,0,0,0,0,0,248430,0,0,100000,2020-6
KH-0000000421,0,0,0,0,661220,0,0,0,0,0,0,200000,2020-6
KH-0000000422,0,0,0,0,256649,0,0,0,0,0,0,100000,2020-6
KH-0000000423,110000,0,0,0,259302,0,50000,0,0,0,0,100000,2020-6
KH-0000000424,45000,0,0,78000,361975,0,0,80951,148720,325910,0,300000,2020-6
KH-0000000425,58200,444260,0,19298,188609,0,0,108847,48050,128894,67900,800000,2020-6
KH-0000000426,30000,23000,0,205445,1008040,0,40000,54536,454200,0,0,400000,2020-6
KH-0000000427,0,25000,63000,670120,0,0,0,0,0,0,90000,100000,2020-6
KH-0000000428,0,0,0,0,160554,0,0,277067,255168,0,0,100000,2020-6
KH-0000000429,0,0,40000,45000,0,0,0,0,0,0,0,100000,2020-6
KH-0000000430,0,294000,10000,262977,264625,0,0,151548,175408,95040,26000,500000,2020-6
KH-0000000431,0,111000,191000,0,0,0,65000,11960,0,0,0,100000,2020-6
KH-0000000432,26000,185000,0,277000,84480,0,0,44380,64600,52000,50000,300000,2020-6
KH-0000000433,0,0,0,0,66320,0,0,0,0,28000,0,200000,2020-6
KH-0000000434,0,17000,0,114130,76962,0,0,81714,301558,264870,0,400000,2020-6
KH-0000000435,22000,0,35000,65950,38000,0,0,17200,174440,80660,52000,200000,2020-6
KH-0000000436,0,0,0,11550,84000,0,0,13664,0,0,0,100000,2020-6
KH-0000000437,0,0,0,187852,0,0,0,28124,75063,0,0,300000,2020-6
KH-0000000438,0,0,0,162581,0,0,155000,17075,1197467,52000,0,400000,2020-6
KH-0000000439,0,105000,81000,124700,0,0,0,13056,0,0,0,200000,2020-6
KH-0000000440,0,0,0,0,0,0,139000,0,0,0,240000,200000,2020-6
KH-0000000441,0,250000,79000,0,0,0,85000,0,0,0,0,100000,2020-6
KH-0000000442,0,0,0,0,0,0,0,29980,0,0,170000,100000,2020-6
KH-0000000443,0,22000,0,0,45984,0,0,10000,0,30000,0,200000,2020-6
KH-0000000444,0,290350,65000,446105,127207,0,140450,315378,473737,282740,0,1400000,2020-6
KH-0000000445,0,0,0,47250,0,74500,0,11408,632250,0,0,400000,2020-6
KH-0000000446,0,0,0,0,0,0,169000,0,0,0,0,100000,2020-6
KH-0000000447,0,0,0,176640,322320,0,31000,121760,430000,0,0,300000,2020-6
KH-0000000448,0,160050,248320,73613,1826945,0,0,83670,69200,302640,193030,500000,2020-6
KH-0000000449,0,66910,0,0,338091,0,0,0,0,0,0,100000,2020-6
KH-0000000450,0,0,0,0,21150,0,0,0,0,0,0,100000,2020-6
KH-0000000451,0,0,0,0,78080,0,62000,77107,411498,0,0,400000,2020-6
KH-0000000452,0,0,0,0,0,0,0,86684,0,0,35000,100000,2020-6
KH-0000000453,0,0,0,0,0,0,0,0,65280,0,0,100000,2020-6
KH-0000000454,0,32000,4260,0,69160,0,31500,60221,223716,0,35000,100000,2020-6
KH-0000000455,60140,38800,232800,65669,0,0,122705,102969,452947,523509,33950,300000,2020-6
KH-0000000456,0,25000,109000,0,62752,0,0,106196,168800,0,0,100000,2020-6
KH-0000000457,299730,121250,135800,480368,1301939,53350,0,492857,1351503,494137,0,1700000,2020-6
KH-0000000458,0,32000,26000,62000,1601115,0,0,177366,0,207792,0,600000,2020-6
KH-0000000459,0,0,0,0,0,0,0,35808,73472,0,0,100000,2020-6
KH-0000000460,0,0,0,113250,13398,0,0,10000,0,114240,50000,300000,2020-6
KH-0000000461,0,0,75000,40000,45725,0,0,49352,0,0,35000,200000,2020-6
KH-0000000462,0,0,0,60000,0,0,0,46029,222110,0,299500,300000,2020-6
KH-0000000463,0,0,0,0,196440,0,0,0,0,310740,0,100000,2020-6
KH-0000000464,0,0,0,300000,0,0,0,0,0,0,0,100000,2020-6
KH-0000000465,0,0,0,0,0,0,0,56270,0,0,0,100000,2020-6
KH-0000000466,0,0,0,0,0,0,0,43072,0,0,0,100000,2020-6
KH-0000000467,35890,0,0,435288,1089494,62080,122220,441900,393598,142736,25220,900000,2020-6
KH-0000000468,375000,0,0,0,0,0,47000,0,0,0,240000,100000,2020-6
KH-0000000469,37000,0,0,0,0,0,0,0,0,0,0,100000,2020-6
KH-0000000470,0,0,0,0,0,0,0,15552,0,0,0,100000,2020-6
KH-0000000471,390000,0,45000,354500,184200,55500,0,44832,36500,213165,16000,300000,2020-6
KH-0000000472,0,0,220000,0,378840,0,0,0,0,0,170000,200000,2020-6
KH-0000000473,0,0,0,0,206518,0,0,0,0,0,0,100000,2020-6
KH-0000000474,0,0,0,15000,0,0,0,0,205000,554410,0,100000,2020-6
KH-0000000475,0,0,0,0,0,0,0,0,507780,0,0,100000,2020-6
KH-0000000476,0,0,0,0,105600,0,0,84141,0,0,0,100000,2020-6
KH-0000000477,0,145000,0,37120,154506,0,0,0,0,108455,0,100000,2020-6
KH-0000000478,0,0,0,0,0,0,104000,0,426006,0,0,100000,2020-6
KH-0000000479,0,510000,0,241208,144816,0,0,21420,322260,0,0,200000,2020-6
KH-0000000480,22000,0,0,25000,0,0,0,39520,0,0,16000,100000,2020-6
KH-0000000481,0,0,0,0,0,0,0,0,136512,0,0,100000,2020-6
KH-0000000482,0,20000,0,55000,18775,0,0,5292,274500,0,0,100000,2020-6
KH-0000000483,0,0,0,141032,0,0,0,99247,0,0,0,200000,2020-6
KH-0000000484,0,95000,66000,164431,0,0,83000,13675,60000,100000,0,300000,2020-6
KH-0000000485,234000,180000,0,45000,514390,0,0,0,0,619150,104000,200000,2020-6
KH-0000000486,0,0,0,0,110136,0,0,28624,0,0,0,100000,2020-6
KH-0000000487,0,0,35000,192200,218320,0,0,83830,52200,210520,26000,200000,2020-6
KH-0000000488,0,0,55000,41325,0,0,0,0,0,0,0,100000,2020-6
KH-0000000489,460000,0,0,0,0,0,0,0,0,0,140000,100000,2020-6
KH-0000000490,0,0,30000,0,94770,0,0,0,0,0,0,100000,2020-6
KH-0000000491,0,0,0,1400000,0,0,0,0,0,220320,0,200000,2020-6
KH-0000000492,0,62000,59000,0,0,0,32000,124525,437396,0,0,600000,2020-6
KH-0000000493,0,0,0,104000,0,0,0,0,0,765680,0,300000,2020-6
KH-0000000494,0,0,0,0,359680,0,0,0,0,0,0,100000,2020-6
KH-0000000495,0,0,0,223585,0,0,0,141822,0,179850,50000,200000,2020-6
KH-0000000496,0,0,0,0,622110,0,0,0,0,0,0,300000,2020-6
KH-0000000497,0,0,0,0,142945,0,0,22912,267600,73030,0,200000,2020-6
KH-0000000498,0,0,0,268940,0,0,0,0,0,0,48000,200000,2020-6
KH-0000000499,0,40740,0,0,633924,53350,61700,152365,304695,901147,543200,700000,2020-6
KH-0000000500,0,0,60000,0,0,0,0,0,0,0,0,100000,2020-6
KH-0000000501,0,70000,0,0,80592,0,96000,0,0,0,0,100000,2020-6
KH-0000000502,0,0,0,288115,209867,0,60500,41874,398840,0,0,500000,2020-6
KH-0000000503,0,0,0,0,0,0,0,0,279825,161320,0,100000,2020-6
KH-0000000504,0,0,0,206000,0,0,0,0,176146,0,0,200000,2020-6
KH-0000000505,0,0,0,50000,0,0,35000,19200,0,0,0,100000,2020-6
KH-0000000506,0,352000,0,0,0,0,172000,0,0,0,100000,200000,2020-6
KH-0000000507,0,70000,0,35000,42180,0,70000,200898,0,0,0,200000,2020-6
KH-0000000508,0,0,65000,58497,255136,0,31500,32688,0,0,0,400000,2020-6
KH-0000000509,71780,0,450000,246160,227388,0,0,111109,1074904,648960,98500,300000,2020-6
KH-0000000510,330770,66930,49470,358066,84070,0,46560,186032,589963,562125,75660,700000,2020-6
KH-0000000511,0,0,0,72000,215924,0,49000,44347,0,0,13000,400000,2020-6
KH-0000000512,0,0,0,0,222012,0,0,0,108160,0,0,100000,2020-6
KH-0000000513,130000,0,0,207400,0,0,49000,0,74382,0,32000,200000,2020-6
KH-0000000514,0,0,0,0,206500,0,0,0,0,0,0,100000,2020-6
KH-0000000515,43650,1401440,164900,868917,386963,0,77600,230544,282707,161665,88270,900000,2020-6
KH-0000000516,0,0,0,94265,473074,0,0,0,0,0,0,400000,2020-6
KH-0000000517,0,0,20000,0,0,0,0,128292,0,0,0,200000,2020-6
KH-0000000518,0,0,63000,0,0,0,0,21000,0,0,0,100000,2020-6
KH-0000000519,0,0,0,13000,0,0,0,95000,0,0,0,100000,2020-6
KH-0000000520,0,0,1440,22000,0,0,0,286452,0,0,0,800000,2020-6
KH-0000000521,0,0,0,0,47450,0,0,0,0,0,0,100000,2020-6
KH-0000000522,0,0,0,0,142880,0,0,0,0,908455,16000,200000,2020-6
KH-0000000523,0,16000,0,0,66010,55000,0,24817,128658,0,0,300000,2020-6
KH-0000000524,0,0,0,0,1045840,0,0,19825,0,0,0,400000,2020-6
KH-0000000525,0,73000,27000,0,99565,74000,0,0,0,409980,0,400000,2020-6
KH-0000000526,0,0,0,110320,0,0,0,12960,97020,0,0,100000,2020-6
KH-0000000527,0,0,39000,0,0,0,0,0,0,0,195000,200000,2020-6
KH-0000000528,0,0,0,137250,138475,0,0,119315,423482,0,0,300000,2020-6
KH-0000000529,0,0,0,190168,0,0,0,37666,56580,0,0,300000,2020-6
KH-0000000530,0,0,0,0,0,0,210000,42390,0,0,0,200000,2020-6
KH-0000000531,0,106000,0,0,0,0,0,0,0,230690,0,100000,2020-6
KH-0000000532,0,0,0,0,0,0,0,14816,0,115640,0,100000,2020-6
KH-0000000533,0,0,0,825060,286184,0,52000,143149,247818,270000,0,300000,2020-6
KH-0000000534,0,0,0,105000,89446,0,0,0,0,0,0,100000,2020-6
KH-0000000535,0,0,0,0,231900,0,0,0,0,152320,65000,200000,2020-6
KH-0000000536,26000,0,0,16599,53705,0,0,64020,52500,110090,0,200000,2020-6
KH-0000000537,0,0,0,404680,0,91750,64000,225478,1297792,169200,0,600000,2020-6
KH-0000000538,0,0,26000,412210,0,0,0,15264,0,515840,0,200000,2020-6
KH-0000000539,0,0,0,0,221810,0,0,0,0,0,0,100000,2020-6
KH-0000000540,427000,0,0,0,782318,0,0,0,0,0,0,200000,2020-6
KH-0000000541,0,0,0,0,0,0,0,53090,0,0,0,100000,2020-6
KH-0000000542,0,0,0,0,87066,0,0,12167,0,0,0,100000,2020-6
KH-0000000543,13000,17000,295000,110000,220250,0,140000,204035,72000,164590,0,700000,2020-6
KH-0000000544,0,0,0,0,0,0,0,0,75400,88320,0,100000,2020-6
KH-0000000545,0,30000,0,109129,0,0,0,0,0,0,30000,100000,2020-6
KH-0000000546,99000,277000,0,506730,78120,0,85000,0,809700,959480,132800,400000,2020-6
KH-0000000547,0,0,98000,0,0,0,0,21966,122010,0,0,100000,2020-6
KH-0000000548,0,0,0,0,40599,0,0,51216,621874,0,0,300000,2020-6
KH-0000000549,0,0,0,0,267925,0,0,0,0,0,0,100000,2020-6
KH-0000000550,0,225000,0,0,0,0,20000,0,0,0,0,100000,2020-6
KH-0000000551,0,0,0,0,766575,0,0,0,1375570,860000,200000,200000,2020-6
KH-0000000552,0,0,0,0,119160,0,0,108000,0,52000,0,100000,2020-6
KH-0000000553,0,200000,89000,0,0,0,83500,7840,0,0,0,100000,2020-6
KH-0000000554,0,0,0,230500,361503,0,452000,226387,419078,118800,50000,400000,2020-6
KH-0000000555,0,0,0,0,0,0,20000,0,0,200000,0,100000,2020-6
KH-0000000556,0,0,0,0,66465,0,0,13632,0,0,0,200000,2020-6
KH-0000000557,0,0,0,0,0,0,0,12584,100000,0,0,100000,2020-6
KH-0000000558,0,0,0,105000,0,0,0,0,0,0,0,100000,2020-6
KH-0000000559,0,0,0,12000,0,0,0,17465,0,0,50000,100000,2020-6
KH-0000000560,0,239000,0,75000,192060,0,0,27342,0,0,0,100000,2020-6
KH-0000000561,30000,0,0,0,169020,0,0,0,0,0,26000,100000,2020-6
KH-0000000562,0,0,0,15000,0,101750,0,20608,0,0,0,100000,2020-6
KH-0000000563,0,0,49000,0,0,0,393000,0,0,174760,30000,100000,2020-6
KH-0000000564,78000,38000,43400,480118,0,0,0,140264,497620,52000,0,700000,2020-6
KH-0000000565,0,0,0,58000,0,49000,0,15810,0,83930,0,100000,2020-6
KH-0000000566,0,0,24000,0,161075,0,216500,0,0,160000,0,100000,2020-6
KH-0000000567,0,0,0,135000,139840,0,0,0,0,0,0,100000,2020-6
KH-0000000568,0,25000,0,0,0,0,0,0,29200,0,0,100000,2020-6
KH-0000000569,0,34000,61000,0,0,0,0,0,0,0,0,200000,2020-6
KH-0000000570,0,0,0,40000,10950,0,0,10912,27370,0,210000,100000,2020-6
KH-0000000571,0,0,0,0,98420,0,0,92351,73600,0,75000,200000,2020-6
KH-0000000572,0,0,0,15000,65120,0,0,15360,74240,0,0,100000,2020-6
KH-0000000573,210000,0,0,0,0,0,0,0,0,0,0,100000,2020-6
KH-0000000574,0,0,0,95000,56440,0,0,0,0,0,0,100000,2020-6
KH-0000000575,0,0,0,127112,162140,0,31500,16710,330784,0,0,400000,2020-6
KH-0000000576,0,0,0,407000,0,0,0,0,0,0,0,100000,2020-6
KH-0000000577,45000,0,0,0,0,0,0,0,0,0,0,100000,2020-6
KH-0000000578,0,0,0,130000,0,0,0,0,0,192000,0,100000,2020-6
KH-0000000579,0,0,0,50000,0,0,0,5600,237720,0,0,100000,2020-6
KH-0000000580,0,0,0,0,427170,0,0,150162,0,0,167000,100000,2020-6
KH-0000000581,0,375000,0,135000,0,0,0,0,95452,0,0,200000,2020-6
KH-0000000582,0,0,0,125440,0,55000,0,71589,265202,0,0,100000,2020-6
KH-0000000583,0,0,0,0,0,0,0,38155,0,0,35000,100000,2020-6
KH-0000000584,26000,0,0,37000,0,0,52000,12420,0,0,64000,200000,2020-6
KH-0000000585,37000,0,0,0,384720,0,0,0,0,0,0,300000,2020-6
KH-0000000586,0,0,4680,0,901910,0,0,33600,0,0,0,200000,2020-6
KH-0000000587,0,0,0,114000,170500,55000,0,122891,90440,0,50000,300000,2020-6
KH-0000000588,0,0,0,0,0,0,0,85730,0,0,0,100000,2020-6
KH-0000000589,0,0,0,0,109515,0,0,0,0,0,0,100000,2020-6
KH-0000000590,0,152000,79000,75600,0,55000,0,63815,0,113280,0,100000,2020-6
KH-0000000591,30000,0,0,58000,580985,0,0,0,0,384000,0,200000,2020-6
KH-0000000592,0,0,141000,0,161445,195000,195000,83622,582380,0,35000,300000,2020-6
KH-0000000593,0,1401000,764120,1244621,1646541,0,149000,864127,929792,995651,78000,700000,2020-6
KH-0000000594,0,0,0,9000,70650,0,0,19095,99778,0,0,200000,2020-6
KH-0000000595,0,0,480000,0,0,0,0,0,0,0,0,100000,2020-6
KH-0000000596,0,0,0,0,0,0,0,16512,0,0,0,100000,2020-6
KH-0000000597,0,0,0,16000,0,0,0,0,0,0,100000,100000,2020-6
KH-0000000598,0,140000,0,0,109603,0,0,0,71750,0,0,400000,2020-6
KH-0000000599,0,0,0,96880,21625,0,0,0,79900,0,0,100000,2020-6
KH-0000000600,0,62000,0,40000,0,0,0,0,0,0,0,100000,2020-6
KH-0000000601,231000,0,0,244150,1773408,0,40000,153460,201600,3584190,0,700000,2020-6
KH-0000000602,0,0,0,0,0,0,0,59510,0,0,0,100000,2020-6
KH-0000000603,15000,15000,0,48000,100150,0,0,54052,0,111510,0,200000,2020-6
KH-0000000604,0,0,0,237000,0,85750,10000,60218,0,92040,70000,300000,2020-6
KH-0000000605,0,0,0,0,538497,0,0,12466,0,0,0,200000,2020-6
KH-0000000606,0,0,0,0,665000,0,0,0,0,0,160000,300000,2020-6
KH-0000000607,0,0,0,189000,1836504,0,0,4340,0,0,0,500000,2020-6
KH-0000000608,0,0,0,0,216510,0,0,5826,0,89380,0,300000,2020-6
KH-0000000609,0,0,0,58000,0,0,0,22092,1504653,90270,0,600000,2020-6
KH-0000000610,65000,42000,0,0,464180,0,0,97968,100000,219090,0,200000,2020-6
KH-0000000611,0,0,0,35000,0,0,0,0,0,0,0,100000,2020-6
KH-0000000612,0,0,0,0,406300,0,0,0,0,0,0,100000,2020-6
KH-0000000613,0,125000,0,0,0,0,0,0,258930,0,0,100000,2020-6
KH-0000000614,15000,0,0,17952,24050,0,0,0,0,0,0,100000,2020-6
KH-0000000615,0,0,63000,9570,0,0,52000,39990,624344,0,0,100000,2020-6
KH-0000000616,0,0,24000,0,0,0,52000,0,0,0,0,100000,2020-6
KH-0000000617,82000,0,0,0,1531045,0,0,0,0,0,130000,100000,2020-6
KH-0000000618,496000,78000,257000,564460,319238,0,12000,147531,204000,142000,105000,700000,2020-6
KH-0000000619,0,0,0,0,107000,0,0,0,0,0,0,100000,2020-6
KH-0000000620,60000,0,88000,120000,652996,0,0,0,145236,52000,0,200000,2020-6
KH-0000000621,0,0,0,0,0,0,140000,0,0,0,0,100000,2020-6
KH-0000000622,0,0,0,6000,0,0,0,0,0,55600,0,100000,2020-6
KH-0000000623,0,64000,0,495470,10800,0,210000,49728,0,0,211000,300000,2020-6
KH-0000000624,0,48000,0,44000,0,0,0,0,0,0,0,100000,2020-6
KH-0000000625,0,0,0,735000,0,0,0,0,0,0,0,100000,2020-6
KH-0000000626,0,408000,0,0,142050,0,0,0,83496,0,0,100000,2020-6
KH-0000000627,0,0,0,0,0,0,77500,56394,50516,0,0,100000,2020-6
KH-0000000628,0,0,0,0,0,0,0,15000,99858,0,35000,100000,2020-6
KH-0000000629,0,0,0,0,86100,0,0,33248,0,0,0,100000,2020-6
KH-0000000630,0,185000,0,30000,253516,0,0,81421,207600,204280,0,600000,2020-6
KH-0000000631,0,0,0,69840,148075,0,0,13377,330671,87500,0,100000,2020-6
KH-0000000632,110000,420000,113000,463645,349690,0,32000,333017,0,2902040,163000,200000,2020-6
KH-0000000633,0,0,0,0,282519,0,0,0,0,0,16000,100000,2020-6
KH-0000000634,0,0,0,0,28132,0,0,0,0,0,0,100000,2020-6
KH-0000000635,0,0,0,0,0,54250,0,0,273000,0,0,100000,2020-6
KH-0000000636,30000,0,72000,3000,0,0,50000,82275,0,244400,0,100000,2020-6
KH-0000000637,0,0,0,0,117675,0,0,0,0,0,0,100000,2020-6
KH-0000000638,0,0,0,0,221130,0,0,0,0,0,30000,100000,2020-6
KH-0000000639,0,0,111000,0,22218,0,0,0,0,214060,0,100000,2020-6
KH-0000000640,0,0,0,0,0,0,0,67040,0,0,0,100000,2020-6
KH-0000000641,0,0,0,0,0,0,0,0,0,279040,0,100000,2020-6
KH-0000000642,0,25000,0,182671,0,0,0,93220,160284,0,0,400000,2020-6
KH-0000000643,0,0,79000,0,0,0,0,0,0,0,0,100000,2020-6
KH-0000000644,0,0,0,0,0,0,0,0,69760,0,0,100000,2020-6
KH-0000000645,0,22000,0,244000,0,0,62000,77817,0,218000,0,300000,2020-6
KH-0000000646,0,52000,88000,214850,349272,0,0,28522,228396,0,0,300000,2020-6
KH-0000000647,0,25000,0,0,0,0,0,313255,348366,354860,0,400000,2020-6
KH-0000000648,634000,0,0,0,0,0,0,0,0,0,0,100000,2020-6
KH-0000000649,60000,204000,35000,0,0,0,0,61198,0,344080,26000,100000,2020-6
KH-0000000650,0,0,70000,0,0,0,0,11742,81280,0,0,100000,2020-6
KH-0000000651,0,86000,0,0,0,0,0,0,0,0,0,100000,2020-6
KH-0000000652,0,162000,0,90310,145890,0,222000,0,143600,254000,150000,100000,2020-6
KH-0000000653,0,51000,0,0,0,0,0,0,0,810780,0,200000,2020-6
KH-0000000654,0,0,0,450080,135000,68750,0,26510,0,1547920,0,400000,2020-6
KH-0000000655,81000,0,0,0,0,0,0,0,0,0,0,100000,2020-6
KH-0000000656,0,0,0,0,451555,0,0,0,0,0,0,200000,2020-6
KH-0000000657,0,218000,236000,0,237115,0,0,146886,0,155870,560000,100000,2020-6
KH-0000000658,110000,0,0,0,0,0,0,0,0,0,0,100000,2020-6
KH-0000000659,0,50000,0,0,1200375,0,50000,19760,166800,0,0,400000,2020-6
KH-0000000660,30000,239000,0,0,206518,0,0,18700,0,0,0,100000,2020-6
KH-0000000661,0,116000,0,0,248430,0,35000,0,0,0,70000,200000,2020-6
KH-0000000662,0,0,0,0,193152,0,0,0,0,0,0,100000,2020-6
KH-0000000663,0,0,0,0,83875,0,65000,0,0,0,0,100000,2020-6
KH-0000000664,0,0,0,0,0,0,32000,26637,0,0,0,100000,2020-6
KH-0000000665,250000,0,0,0,0,0,0,0,0,0,0,100000,2020-6
KH-0000000666,0,22000,0,0,57805,0,0,0,0,0,35000,100000,2020-6
KH-0000000667,0,0,0,0,36825,0,0,13020,100000,0,0,100000,2020-6
KH-0000000668,0,0,57360,105000,77669,0,0,85073,0,0,110000,200000,2020-6
KH-0000000669,0,0,0,0,83858,0,0,0,0,0,0,100000,2020-6
KH-0000000670,60000,26000,0,36000,302755,0,0,0,423810,85020,67000,500000,2020-6
KH-0000000671,0,0,0,0,0,0,0,16648,97312,0,0,100000,2020-6
KH-0000000672,74000,0,0,0,54480,0,52000,15070,0,0,26000,100000,2020-6
KH-0000000673,34000,0,0,196000,0,0,0,0,0,482000,0,200000,2020-6
KH-0000000674,0,0,0,0,135170,0,369000,90153,0,0,35000,100000,2020-6
KH-0000000675,0,145000,0,0,271137,0,0,0,0,0,0,100000,2020-6
KH-0000000676,0,0,0,0,490770,0,200000,0,0,214880,50000,200000,2020-6
KH-0000000677,0,0,0,55000,0,0,0,59872,0,0,0,100000,2020-6
KH-0000000678,0,105000,120000,0,0,0,0,0,0,0,1077000,100000,2020-6
KH-0000000679,37000,0,59000,135000,0,0,0,13664,67354,0,65000,100000,2020-6
KH-0000000680,30000,0,0,0,68885,0,0,0,0,0,0,100000,2020-6
KH-0000000681,0,0,0,105000,0,0,0,81011,0,0,182000,100000,2020-6
KH-0000000682,82000,0,0,0,0,0,0,0,0,215260,0,100000,2020-6
KH-0000000683,0,0,0,0,0,0,0,41850,0,0,0,100000,2020-6
KH-0000000684,0,0,0,60000,352035,0,0,0,0,0,0,100000,2020-6
KH-0000000685,0,0,0,0,0,0,0,63584,324690,0,0,100000,2020-6
KH-0000000686,0,135000,25000,0,93600,0,0,0,0,0,67000,100000,2020-6
KH-0000000687,0,0,0,140280,0,0,0,0,0,0,0,100000,2020-6
KH-0000000688,0,0,0,0,111020,0,0,0,0,0,0,100000,2020-6
KH-0000000689,0,62000,0,442666,49776,0,41000,234813,284182,0,0,500000,2020-6
KH-0000000690,0,0,0,134000,531132,0,0,36586,95472,330000,0,300000,2020-6
KH-0000000691,30000,0,0,0,209378,0,0,14624,0,116630,0,100000,2020-6
KH-0000000692,0,15000,0,0,0,0,0,12558,84672,0,0,100000,2020-6
KH-0000000693,0,0,0,0,1033985,0,0,0,0,0,0,100000,2020-6
KH-0000000694,0,362500,0,0,0,0,0,48625,0,435630,0,100000,2020-6
KH-0000000695,0,0,0,0,0,140000,58000,0,0,0,0,100000,2020-6
KH-0000000696,0,0,0,0,478310,0,0,0,0,0,0,100000,2020-6
KH-0000000697,0,0,0,0,46208,0,0,0,0,0,26000,100000,2020-6
KH-0000000698,0,0,0,0,467895,0,0,0,0,0,0,100000,2020-6
KH-0000000699,0,0,0,0,206140,0,0,0,0,0,0,100000,2020-6
KH-0000000700,0,0,0,0,125950,0,0,0,0,0,0,100000,2020-6
KH-0000000701,0,0,0,0,0,0,0,0,82500,0,40000,100000,2020-6
KH-0000000702,67000,0,0,0,0,0,0,36085,0,0,26000,200000,2020-6
KH-0000000703,0,0,0,0,100118,0,24000,0,0,0,0,100000,2020-6
KH-0000000704,0,0,0,0,161040,0,60000,34127,454680,130800,0,200000,2020-6
KH-0000000705,122000,0,0,0,0,0,335000,46333,0,0,0,100000,2020-6
KH-0000000706,0,146000,0,0,0,0,20000,0,0,0,0,100000,2020-6
KH-0000000707,0,0,65000,0,0,0,0,45510,0,0,0,100000,2020-6
KH-0000000708,0,0,0,139000,149910,0,0,21546,0,0,0,100000,2020-6
KH-0000000709,0,0,0,0,0,0,0,0,136500,0,0,100000,2020-6
KH-0000000710,0,68000,0,38000,0,0,0,120965,0,0,0,200000,2020-6
KH-0000000711,170000,0,0,0,203080,0,0,0,0,0,62000,100000,2020-6
KH-0000000712,0,0,0,0,168525,0,0,0,0,0,0,100000,2020-6
KH-0000000713,0,0,0,0,34950,0,0,0,0,0,0,100000,2020-6
KH-0000000714,0,0,0,60000,429772,0,0,215085,0,0,0,100000,2020-6
KH-0000000715,0,0,0,0,0,0,222000,0,0,0,0,100000,2020-6
KH-0000000716,0,148000,0,0,0,0,49000,0,0,0,0,100000,2020-6
KH-0000000717,0,0,0,0,0,0,0,74253,0,0,0,100000,2020-6
KH-0000000718,105000,87000,0,0,0,0,0,31238,0,0,0,100000,2020-6
KH-0000000719,48000,0,0,0,109440,0,0,0,76734,0,0,100000,2020-6
KH-0000000720,0,0,0,0,90275,0,0,43764,0,211120,0,100000,2020-6
KH-0000000721,30000,0,0,0,843555,0,45000,0,0,0,0,100000,2020-6
KH-0000000722,0,0,0,130000,0,0,0,0,0,0,84000,100000,2020-6
KH-0000000723,0,0,0,0,240380,0,0,0,0,0,0,100000,2020-6
KH-0000000724,0,0,0,0,0,0,0,0,0,268140,0,100000,2020-6
KH-0000000725,0,0,0,12000,105532,69000,0,0,0,0,0,100000,2020-6
KH-0000000726,0,0,0,0,276020,0,0,0,0,0,0,100000,2020-6
KH-0000000727,0,31000,0,0,80248,0,0,0,0,0,0,100000,2020-6
KH-0000000728,0,23000,0,0,0,0,0,102987,0,0,0,100000,2020-6
KH-0000000729,0,104000,0,52000,0,0,0,0,0,0,0,100000,2020-6
KH-0000000730,0,0,30000,197000,0,0,891500,0,0,120360,0,100000,2020-6
KH-0000000731,0,0,0,0,19400,0,0,0,0,52000,0,100000,2020-6
KH-0000000732,0,0,0,0,0,0,0,0,95000,61040,0,100000,2020-6
KH-0000000733,0,0,0,0,0,0,0,44126,93500,0,0,100000,2020-6
KH-0000000734,0,0,0,20000,0,0,94500,109270,0,249610,0,200000,2020-6
KH-0000000735,0,0,0,0,0,0,0,0,0,250980,52000,100000,2020-6
KH-0000000736,0,0,0,16104,115141,0,0,0,118860,0,0,100000,2020-6
KH-0000000737,0,0,0,0,0,90500,0,0,0,0,0,100000,2020-6
KH-0000000738,0,0,29000,0,0,0,0,0,0,0,500000,100000,2020-6
KH-0000000739,0,0,0,0,296640,0,20000,0,0,0,0,100000,2020-6
KH-0000000740,0,0,0,139000,0,0,0,0,0,0,0,100000,2020-6
KH-0000000741,0,0,18000,0,0,0,0,10230,0,52000,0,100000,2020-6
KH-0000000742,0,0,63000,16629,0,0,0,42691,0,0,0,100000,2020-6
KH-0000000743,0,0,0,0,289200,0,0,0,0,0,0,100000,2020-6
KH-0000000744,0,0,0,0,0,0,0,0,0,0,170000,100000,2020-6
KH-0000000745,0,0,46000,25000,0,0,65000,0,0,0,0,100000,2020-6
KH-0000000746,0,0,0,138500,0,0,0,12006,0,0,0,100000,2020-6
KH-0000000747,0,0,0,0,121590,0,0,0,0,0,0,100000,2020-6
KH-0000000748,30000,0,0,42750,0,0,0,4579,69600,0,0,100000,2020-6
KH-0000000749,0,0,0,55000,66444,0,0,13860,0,0,0,100000,2020-6
KH-0000000750,0,0,0,104000,258180,0,0,45518,0,0,0,100000,2020-6
KH-0000000751,0,0,0,0,1657755,0,0,0,0,0,0,100000,2020-6
KH-0000000752,0,0,0,0,0,0,0,0,99830,86000,0,100000,2020-6
KH-0000000753,0,145000,0,0,0,0,0,0,0,30000,0,100000,2020-6
KH-0000000754,15000,0,0,163000,0,0,0,0,68440,104000,0,100000,2020-6
KH-0000000755,0,0,0,0,121575,0,0,0,0,82500,0,100000,2020-6
KH-0000000756,15000,58000,14000,0,0,0,277000,0,0,0,62000,100000,2020-6
KH-0000000757,0,0,0,0,129010,0,0,0,0,0,0,100000,2020-6
KH-0000000758,0,0,97000,0,67920,0,0,0,0,0,0,100000,2020-6
KH-0000000759,0,0,21000,0,0,0,0,0,0,373980,0,100000,2020-6
KH-0000000760,0,0,0,0,0,0,159000,0,0,0,0,100000,2020-6
KH-0000000761,0,625100,0,0,464089,0,264100,23248,405547,132953,142500,300000,2020-6
KH-0000000762,0,0,127070,392826,68046,0,9700,66596,888275,287586,0,300000,2020-6
KH-0000000763,29100,0,0,101850,62088,0,63050,168916,65541,27160,31040,400000,2020-6
KH-0000000764,0,820800,33950,0,454518,0,283100,820564,1205658,0,0,1100000,2020-6
KH-0000000765,0,16490,0,114460,41361,0,0,81625,117877,335620,37830,300000,2020-6
KH-0000000766,14550,81480,0,23280,0,0,0,288739,0,99386,0,600000,2020-6
KH-0000000767,0,0,0,250000,174614,0,0,83935,219700,52000,0,300000,2020-6
KH-0000000768,13000,0,0,230000,37150,0,48000,0,0,0,85000,100000,2020-6
KH-0000000769,106700,101850,0,80122,40373,0,0,162632,523344,210063,0,300000,2020-6
KH-0000000770,0,0,0,0,0,0,0,0,0,106800,0,100000,2020-6
KH-0000000771,30000,0,0,0,0,0,0,61344,0,0,0,100000,2020-6
KH-0000000772,85360,281300,161990,627168,1634873,53350,0,78965,1390941,356242,0,600000,2020-6
KH-0000000773,0,0,114460,46034,1031900,0,266750,286481,281342,0,0,1100000,2020-6
KH-0000000774,0,0,237000,45000,529883,0,145000,13950,0,501740,0,200000,2020-6
KH-0000000775,0,780000,0,0,0,0,20000,0,0,1599000,0,100000,2020-6
KH-0000000776,0,0,0,0,153000,0,104000,0,0,122590,0,100000,2020-6
KH-0000000777,0,0,0,0,0,0,0,44352,0,685720,0,100000,2020-6
KH-0000000778,0,0,0,0,48350,0,0,0,0,162410,0,100000,2020-6
KH-0000000779,30000,0,0,0,390350,0,0,0,0,0,26000,100000,2020-6
KH-0000000780,44000,0,0,9982,8175,0,0,10400,0,0,0,100000,2020-6
KH-0000000781,0,513000,0,0,779575,0,0,0,0,0,0,100000,2020-6
KH-0000000782,0,0,0,0,0,0,0,101952,0,0,0,100000,2020-6
KH-0000000783,0,0,0,0,388622,0,0,0,0,0,0,300000,2020-6
KH-0000000784,21340,0,53350,0,171142,0,0,22858,102141,0,0,200000,2020-6
KH-0000000785,0,0,0,0,1406380,0,0,0,0,0,0,300000,2020-6
KH-0000000786,125390,0,0,64018,155956,0,303610,0,0,137149,0,200000,2020-6
KH-0000000787,0,198850,101850,69840,391746,0,0,401400,140991,93760,0,600000,2020-6
KH-0000000788,0,0,0,0,0,0,20000,0,0,322620,0,100000,2020-6
KH-0000000789,29100,0,0,0,1787432,0,59170,52333,0,0,266750,700000,2020-6
KH-0000000790,0,0,38000,0,0,0,0,67173,0,790490,0,200000,2020-6
KH-0000000791,29100,19400,0,219142,431171,70083,0,74361,240250,448354,104760,400000,2020-6
